-- phpMyAdmin SQL Dump
-- version 4.9.1
-- https://www.phpmyadmin.net/
--
-- Host: 127.0.0.1
-- Generation Time: Mar 26, 2020 at 04:14 PM
-- Server version: 10.4.8-MariaDB
-- PHP Version: 7.1.33

SET SQL_MODE = "NO_AUTO_VALUE_ON_ZERO";
SET AUTOCOMMIT = 0;
START TRANSACTION;
SET time_zone = "+00:00";


/*!40101 SET @OLD_CHARACTER_SET_CLIENT=@@CHARACTER_SET_CLIENT */;
/*!40101 SET @OLD_CHARACTER_SET_RESULTS=@@CHARACTER_SET_RESULTS */;
/*!40101 SET @OLD_COLLATION_CONNECTION=@@COLLATION_CONNECTION */;
/*!40101 SET NAMES utf8mb4 */;

--
-- Database: `e-borrow`
--

-- --------------------------------------------------------

--
-- Table structure for table `borrow`
--

CREATE TABLE `borrow` (
  `item_order` int(11) NOT NULL,
  `borrow_id` varchar(255) COLLATE utf8_bin NOT NULL,
  `borrow_topic` varchar(255) COLLATE utf8_bin NOT NULL,
  `num_request` int(10) NOT NULL,
  `amount` int(10) NOT NULL,
  `num_sendback` int(50) NOT NULL,
  `borrow_date` varchar(255) COLLATE utf8_bin NOT NULL,
  `return_date` varchar(255) COLLATE utf8_bin NOT NULL,
  `status` varchar(255) COLLATE utf8_bin NOT NULL,
  `item_id` int(11) NOT NULL,
  `item_name` varchar(255) COLLATE utf8_bin NOT NULL,
  `member_id` int(11) NOT NULL,
  `mem_name` varchar(255) COLLATE utf8_bin NOT NULL,
  `borrow_department` varchar(255) COLLATE utf8_bin NOT NULL,
  `sum_request` int(255) NOT NULL,
  `sum_amount` int(255) NOT NULL,
  `sum_amount_all` int(255) NOT NULL,
  `sum_sendback` int(255) NOT NULL
) ENGINE=InnoDB DEFAULT CHARSET=utf8 COLLATE=utf8_bin;

--
-- Dumping data for table `borrow`
--

INSERT INTO `borrow` (`item_order`, `borrow_id`, `borrow_topic`, `num_request`, `amount`, `num_sendback`, `borrow_date`, `return_date`, `status`, `item_id`, `item_name`, `member_id`, `mem_name`, `borrow_department`, `sum_request`, `sum_amount`, `sum_amount_all`, `sum_sendback`) VALUES
(2, '120220201', 'งานสัมมนาสำนักประเมินคุณธรรมและความโปร่งใส', 1, 1, 1, '2020-02-12 07:00', '2020-02-12 01:00', 'คืนอุปกรณ์เรียบร้อย', 81, 'โน๊ตบุ๊ค (Laptop)', 35, 'อิสรีย์  ชนะจิระพันธ์', '1', 0, 0, 0, 0),
(3, '210220202', 'งานมงคลสมรสคุณพิมเพทาย', 1, 1, 0, '2020-02-22 05:00', '2020-02-22 10:00', 'อนุมัติเรียบร้อย', 81, 'โน๊ตบุ๊ค (Laptop)', 35, 'อิสรีย์  ชนะจิระพันธ์', '1', 0, 0, 0, 0),
(4, '240220203', 'test4', 5, 0, 0, '2020-02-24 11:00', '2020-02-29 10:00', 'รอการอนุมัติ', 8, 'รถเข็นเก้าอี้จัดเลี้ยง 2ล้อ', 36, 'FOLKQQ', '9', 0, 0, 0, 0),
(5, '240220204', 'test4', 1, 0, 0, '2020-02-24 12:00', '2020-02-25 12:00', 'รอการอนุมัติ', 81, 'โน๊ตบุ๊ค (Laptop)', 36, 'FOLKQQ', '1', 0, 0, 0, 0);

-- --------------------------------------------------------

--
-- Table structure for table `borrowcart`
--

CREATE TABLE `borrowcart` (
  `item_order` int(11) NOT NULL,
  `borrow_id` int(10) NOT NULL,
  `create_date` timestamp NOT NULL DEFAULT current_timestamp() ON UPDATE current_timestamp(),
  `borrow_topic` varchar(255) COLLATE utf8_bin NOT NULL,
  `num_request` int(8) NOT NULL,
  `amount` double(8,2) NOT NULL,
  `borrow_date` varchar(255) COLLATE utf8_bin NOT NULL,
  `return_date` varchar(255) COLLATE utf8_bin NOT NULL,
  `status` varchar(255) COLLATE utf8_bin NOT NULL,
  `item_id` varchar(11) COLLATE utf8_bin NOT NULL,
  `item_name` varchar(255) COLLATE utf8_bin NOT NULL,
  `member_id` int(11) NOT NULL,
  `mem_name` varchar(255) COLLATE utf8_bin NOT NULL,
  `borrow_department` varchar(225) COLLATE utf8_bin NOT NULL
) ENGINE=InnoDB DEFAULT CHARSET=utf8 COLLATE=utf8_bin;

-- --------------------------------------------------------

--
-- Table structure for table `borrow_bill`
--

CREATE TABLE `borrow_bill` (
  `borrow_id` int(5) NOT NULL,
  `borrow_topic` varchar(255) COLLATE utf8_bin NOT NULL,
  `detail` varchar(255) COLLATE utf8_bin NOT NULL,
  `member_id` varchar(255) COLLATE utf8_bin NOT NULL,
  `mem_name` varchar(255) COLLATE utf8_bin NOT NULL,
  `create_date` varchar(255) COLLATE utf8_bin NOT NULL,
  `borrow_bill` varchar(255) COLLATE utf8_bin NOT NULL,
  `status_bill` varchar(255) COLLATE utf8_bin NOT NULL,
  `borrow_date` varchar(255) COLLATE utf8_bin NOT NULL,
  `return_date` varchar(255) COLLATE utf8_bin NOT NULL,
  `borrow_department` varchar(255) COLLATE utf8_bin NOT NULL
) ENGINE=InnoDB DEFAULT CHARSET=utf8 COLLATE=utf8_bin;

--
-- Dumping data for table `borrow_bill`
--

INSERT INTO `borrow_bill` (`borrow_id`, `borrow_topic`, `detail`, `member_id`, `mem_name`, `create_date`, `borrow_bill`, `status_bill`, `borrow_date`, `return_date`, `borrow_department`) VALUES
(2, 'งานสัมมนาสำนักประเมินคุณธรรมและความโปร่งใส', 'วิทยากรใช้บรรยาย', '35', 'อิสรีย์  ชนะจิระพันธ์', '2020-02-12 03:08', '120220201', 'คืนอุปกรณ์เรียบร้อย', '2020-02-12 07:00', '2020-02-12 01:00', '1'),
(3, 'งานมงคลสมรสคุณพิมเพทาย', 'รันคิว เปิด VDO Presentation เปิดตัวบ่าวสาว', '35', 'อิสรีย์  ชนะจิระพันธ์', '2020-02-21 01:03', '210220202', 'เลยกำหนดส่งคืน', '2020-02-22 05:00', '2020-02-22 10:00', '1'),
(4, 'test4', '3', '36', 'FOLKQQ', '2020-02-24 11:52', '240220203', 'รอการอนุมัติ', '2020-02-24 11:00', '2020-02-29 10:00', '9'),
(5, 'test4', 'test4', '36', 'FOLKQQ', '2020-02-24 11:52', '240220204', 'รอการอนุมัติ', '2020-02-24 12:00', '2020-02-25 12:00', '1');

-- --------------------------------------------------------

--
-- Table structure for table `category`
--

CREATE TABLE `category` (
  `id` int(10) NOT NULL,
  `cat_id` varchar(10) COLLATE utf8_bin NOT NULL,
  `cat_name` varchar(255) COLLATE utf8_bin NOT NULL,
  `type_id` varchar(255) COLLATE utf8_bin NOT NULL,
  `mem_type_department` varchar(255) COLLATE utf8_bin NOT NULL
) ENGINE=InnoDB DEFAULT CHARSET=utf8 COLLATE=utf8_bin;

--
-- Dumping data for table `category`
--

INSERT INTO `category` (`id`, `cat_id`, `cat_name`, `type_id`, `mem_type_department`) VALUES
(1, 'F8', 'เครื่องคอมพิวเตอร์', '1', '1'),
(2, 'F9', 'อื่นๆ', '2', '8'),
(3, 'T0', 'เครื่องมือเครื่องใช้', '3', '9'),
(4, 'F1', 'โต๊ะ', '4', '7'),
(5, 'F3', 'ตู้', '5', '6'),
(6, 'F4', 'เครื่องคำนวณ', '5', '6'),
(7, 'F1', 'โต๊ะ', '6', '9'),
(8, 'F2', 'เก้าอี้', '6', '9'),
(10, '10', 'Dry Food', '8', '1'),
(11, '10', 'Dry Food', '9', '9'),
(12, '20', 'Beverage', '10', '9'),
(13, '30', 'Cleaning Supplies', '11', '9'),
(14, '31', 'General Supplies', '11', '9'),
(15, '32', 'Guest Supplies', '11', '9'),
(16, '34', 'Menu & Drink List', '11', '9'),
(17, '35', 'Printing & Stationery', '11', '9'),
(18, '39', 'Others Supplies', '11', '9'),
(19, 'F3', 'ตู้', '6', '9'),
(20, 'F4', 'เครื่องคำนวณ', '6', '9'),
(21, 'F5', 'เครื่องโทรศัพท์ วิทยุ', '6', '9'),
(22, 'F8', 'เครื่องคอมพิวเตอร์', '6', '9'),
(23, 'F9', 'อื่นๆ', '6', '9'),
(24, '10', 'Dry Food', '13', '11'),
(25, '20', 'Beverage', '14', '11'),
(26, '30', 'Cleaning Supplies', '15', '11'),
(27, '31', 'General Supplies', '15', '11'),
(28, '32', 'Guest Supplies', '15', '11'),
(29, '34', 'Menu & Drink List', '15', '11'),
(30, '35', 'Printing & Stationery', '15', '11'),
(31, '39', 'Others Supplies', '15', '11'),
(32, '41', 'อาคารและสิ่งปลูกสร้าง', '16', '11'),
(33, '44', 'เครื่องมือและเครื่องใช้', '16', '11'),
(34, '45', 'เครื่องตกแต่งและอุปกรณ์สำนักงาน', '16', '11'),
(35, '51', 'Engineering Supplies', '17', '11'),
(36, '73', 'Bar Equipment & Tray', '18', '11'),
(37, '74', 'Kitchen Utensil', '18', '11'),
(38, '78', 'Other OE', '18', '11'),
(39, 'F1', 'โต๊ะ', '19', '11'),
(40, 'F2', 'เก้าอี้', '19', '11'),
(41, 'F3', 'ตู้', '19', '11'),
(42, 'F2', 'เก้าอี้', '4', '7'),
(43, 'F3', 'ตู้', '4', '7'),
(44, 'F4', 'เครื่องคำนวณ', '4', '7'),
(45, 'F5', 'เครื่องโทรศัพท์ วิทยุ', '4', '7'),
(46, 'F7', 'เครื่องปรับอากาศ', '4', '7'),
(47, 'F8', 'เครื่องคอมพิวเตอร์', '4', '7'),
(48, 'F9', 'อื่นๆ', '4', '7'),
(49, 'M1', 'ระบบไฟฟ้าและสื่อสาร', '20', '7'),
(50, 'M2', 'ระบบสุขาภิบาล', '20', '7'),
(51, 'M4', 'ระบบปรับอากาศและระบายอากาศ', '20', '7'),
(52, 'M6', 'ระบบลิฟท์และบันไดเลื่อน', '20', '7'),
(53, 'M7', 'ระบบโทรศัพท์', '20', '7'),
(54, 'T0', 'เครื่องมือเครื่องใช้', '21', '7'),
(55, '51', 'Engineering Supplies', '22', '7'),
(56, '31', 'General Supplies', '23', '7'),
(57, '39', 'Others Supplies', '23', '7'),
(58, '40', 'ระบบไฟฟ้าและน้ำ', '24', '7'),
(59, '44', 'เครื่องมือและเครื่องใช้', '24', '7'),
(60, '50', 'Neon & Bulbs', '22', '7'),
(61, '70', 'Chinaware', '25', '7'),
(62, '71', 'Glassware', '25', '7'),
(63, '72', 'Stainless & Silverware', '25', '7'),
(64, '74', 'Kitchen Utensil', '25', '7'),
(65, '75', 'Linen', '25', '7'),
(66, '78', 'Other OE', '25', '7'),
(67, '11', 'Food Direct', '26', '16'),
(68, '30', 'Cleaning Supplies', '27', '16'),
(69, '31', 'General Supplies', '27', '16'),
(70, '32', 'Guest Supplies', '27', '16'),
(71, '35', 'Printing & Stationery', '27', '16'),
(72, '39', 'Others Supplies', '27', '16'),
(73, '44', 'เครื่องมือและเครื่องใช้', '28', '16'),
(74, '45', 'เครื่องตกแต่งและอุปกรณ์สำนักงาน', '28', '16'),
(75, 'F9', 'อื่นๆ', '29', '16'),
(76, 'F9', 'อื่นๆ', '19', '11'),
(77, 'T0', 'เครื่องมือเครื่องใช้', '30', '11'),
(78, '10', 'Dry Food', '31', '2'),
(79, '20', 'Beverage', '31', '2'),
(80, '30', 'Cleaning Supplies', '33', '2'),
(81, '31', 'General Supplies', '33', '2'),
(82, '32', 'Guest Supplies', '33', '2'),
(83, '34', 'Menu & Drink List', '33', '2'),
(84, '35', 'Printing & Stationery', '33', '2'),
(85, '39', 'Others Supplies', '33', '2'),
(86, '41', 'อาคารและสิ่งปลูกสร้าง', '34', '2'),
(87, '44', 'เครื่องมือและเครื่องใช้', '34', '2'),
(88, '45', 'เครื่องตกแต่งและอุปกรณ์สำนักงาน', '34', '2'),
(89, '51', 'Engineering Supplies', '35', '2'),
(90, '73', 'Bar Equipment & Tray', '36', '2'),
(91, '74', 'Kitchen Utensil', '36', '2'),
(92, '78', 'Other OE', '36', '2'),
(93, '70', 'Chinaware', '36', '2'),
(94, '71', 'Glassware', '36', '2'),
(95, '72', 'Stainless & Silverware', '36', '2'),
(97, '75', 'Linen', '36', '2'),
(98, '78', 'Other OE', '36', '2'),
(99, '10', 'Dry Food', '37', '10'),
(100, '11', 'Food Direct', '37', '10'),
(101, '31', 'General Supplies', '38', '10'),
(102, '39', 'Others Supplies', '38', '10'),
(103, '20', 'Beverage', '39', '10'),
(104, '30', 'Cleaning Supplies', '38', '10'),
(105, '39', 'Others Supplies', '38', '10'),
(106, '44', 'เครื่องมือและเครื่องใช้', '40', '10'),
(107, '45', 'เครื่องตกแต่งและอุปกรณ์สำนักงาน', '40', '10'),
(108, '61', 'Gas', '41', '10'),
(109, '74', 'Kitchen Utensil', '42', '10'),
(110, '78', 'Other OE', '42', '10'),
(111, '33', 'Laundry Supplies', '11', '9'),
(112, '44', 'เครื่องมือและเครื่องใช้', '43', '9'),
(113, '45', 'เครื่องตกแต่งและอุปกรณ์สำนักงาน', '43', '9'),
(114, '71', 'Glassware', '44', '9'),
(115, '73', 'Bar Equipment & Tray', '44', '9'),
(116, '75', 'Linen', '44', '9'),
(117, '78', 'Other OE', '44', '9');

-- --------------------------------------------------------

--
-- Table structure for table `category_type`
--

CREATE TABLE `category_type` (
  `id` int(10) NOT NULL,
  `type_id` varchar(11) COLLATE utf8_bin NOT NULL,
  `type_name` varchar(255) COLLATE utf8_bin NOT NULL,
  `mem_type_department` varchar(255) COLLATE utf8_bin NOT NULL
) ENGINE=InnoDB DEFAULT CHARSET=utf8 COLLATE=utf8_bin;

--
-- Dumping data for table `category_type`
--

INSERT INTO `category_type` (`id`, `type_id`, `type_name`, `mem_type_department`) VALUES
(1, 'F', 'เครื่องตกแต่งและอุปกรณ์สำนักงาน', '1'),
(2, 'F', 'เครื่องตกแต่งและอุปกรณ์สำนักงาน', '8'),
(3, 'T', 'เครื่องมือเครื่องใช้', '9'),
(4, 'F', 'เครื่องตกแต่งและอุปกรณ์สำนักงาน', '7'),
(5, 'F', 'เครื่องตกแต่งและอุปกรณ์สำนักงาน', '6'),
(6, 'F', 'เครื่องตกแต่งและอุปกรณ์สำนักงาน', '9'),
(7, 'T', 'เครื่องมือเครื่องใช้', '1'),
(8, '1', 'FOOD', '1'),
(9, '1', 'FOOD', '9'),
(10, '2', 'BEVERAGE', '9'),
(11, '3', 'GENERAL SUPPLIES', '9'),
(13, '1', 'FOOD', '11'),
(14, '2', 'BEVERAGE', '11'),
(15, '3', 'GENERAL SUPPLIES', '11'),
(16, '4', 'ASSETS', '11'),
(17, '5', 'ENGINEERING SUPPLIES', '11'),
(18, '7', 'OE', '11'),
(19, 'F', 'เครื่องตกแต่งและอุปกรณ์สำนักงาน', '11'),
(20, 'M', 'เครื่องจักรและอุปกรณ์', '7'),
(21, 'T', 'เครื่องมือเครื่องใช้', '7'),
(22, '5', 'ENGINEERING SUPPLIES', '7'),
(23, '3', 'GENERAL SUPPLIES', '7'),
(24, '4', 'ASSETS', '7'),
(25, '7', 'OE', '7'),
(26, '1', 'FOOD', '16'),
(27, '3', 'GENERAL SUPPLIES', '16'),
(28, '4', 'ASSETS', '16'),
(29, 'F', 'เครื่องตกแต่งและอุปกรณ์สำนักงาน', '16'),
(30, 'T', 'เครื่องมือเครื่องใช้', '11'),
(31, '1', 'FOOD', '2'),
(32, '2', 'BEVERAGE', '2'),
(33, '3', 'GENERAL SUPPLIES', '2'),
(34, '4', 'ASSETS', '2'),
(35, '5', 'ENGINEERING SUPPLIES', '2'),
(36, '7', 'OE', '2'),
(37, '1', 'FOOD', '10'),
(38, '3', 'GENERAL SUPPLIES', '10'),
(39, '2', 'BEVERAGE', '10'),
(40, '4', 'ASSETS', '10'),
(41, '6', 'ENERGY', '10'),
(42, '7', 'OE', '10'),
(43, '4', 'ASSETS', '9'),
(44, '7', 'OE', '9');

-- --------------------------------------------------------

--
-- Table structure for table `item`
--

CREATE TABLE `item` (
  `item_id` int(10) NOT NULL,
  `item_name` varchar(255) COLLATE utf8_bin NOT NULL,
  `detail` varchar(255) COLLATE utf8_bin NOT NULL,
  `serail` varchar(255) COLLATE utf8_bin NOT NULL,
  `create_date` datetime NOT NULL,
  `cat_id` varchar(255) COLLATE utf8_bin NOT NULL,
  `type_id` varchar(255) COLLATE utf8_bin NOT NULL,
  `in_use` varchar(50) COLLATE utf8_bin NOT NULL,
  `picture` varchar(255) COLLATE utf8_bin NOT NULL,
  `department` varchar(255) COLLATE utf8_bin NOT NULL
) ENGINE=InnoDB DEFAULT CHARSET=utf8 COLLATE=utf8_bin;

--
-- Dumping data for table `item`
--

INSERT INTO `item` (`item_id`, `item_name`, `detail`, `serail`, `create_date`, `cat_id`, `type_id`, `in_use`, `picture`, `department`) VALUES
(7, 'ถังต้มน้ำไฟฟ้า 20ลิตร', 'ถังต้มน้ำไฟฟ้า', 'T0380034', '2020-01-06 08:26:26', 'T0', '3', '6', 'img/image_item/73606660289341.jpg', '9'),
(8, 'รถเข็นเก้าอี้จัดเลี้ยง 2ล้อ', 'รถเข็นเก้าอี้', 'T0380028', '2019-12-15 14:57:14', '3', '3', '5', 'img/image_item/893479615.jpg', '9'),
(9, 'รถเข็นสแตนเลส', 'รถเข็นสแตนเลส 3ชั้น#304มีจับ1ด้าน', 'T0380016', '2020-01-06 08:26:44', 'T0', '3', '4', 'img/image_item/954256kljoiojikjklmjkmklmjk_1-1024x768.jpeg', '9'),
(10, 'รถลากพาเลท', 'รถลากพาเลทHand Pallet trucks สีส้มรุ่นAC2500WD', 'T0380001', '2019-12-15 14:59:48', '3', '3', '2', 'img/image_item/584336palletlifter.jpg', '9'),
(11, 'BOSCH GLM40', 'เครื่องวัดระยะเลเซอร์ ', 'T0380531', '2019-12-15 15:15:24', '4', '4', '2', 'img/image_item/873922d791ed94-3655-9e48-afda-5b344c564e4c.jpg', '7'),
(12, 'Berala 3Ton', 'แม่แรงตะเข้', 'T0380541', '2019-12-15 15:16:49', '4', '4', '4', 'img/image_item/680946starway_3t_1.jpg', '7'),
(13, '\"Lucky\" รุ่น D-744 4', 'ตู้เก็บเอกสาร \"Lucky\" รุ่น D-744 4ชั้น 16  ตู้', 'F3380022', '2019-12-15 15:25:43', '5', '5', '14', 'img/image_item/747705ofma002030.jpg', '6'),
(14, 'CASIO รุ่น DR-120TM ', 'เครื่องคำนวณ C', 'F4380001', '2019-12-15 15:27:37', '6', '5', '2', 'img/image_item/527765ofm8015040.jpg', '6'),
(15, 'โต๊ะกลมสำหรับจัดเลี้ยง(ตามแบบหน้าIA-101LF) LF-1E1', 'โต๊ะกลมสำหรับจัดเลี้ยง', 'F1380134', '2019-12-15 15:36:48', '7', '6', '50', 'img/image_item/688108โต๚ะสแตนเลส รุ่นขาถอดได้ หน้ากลม 120 ซม ขาถอดได้ st-111.jpg', '9'),
(16, 'เก้าอี้ทำงานบุผ้า', 'เก้าอี้', 'F2380001', '2019-12-15 16:40:26', '8', '6', '6', 'img/image_item/48815ofm0523930.jpg', '9'),
(17, 'เก้าอี้ห้องประชุมไม่มีเท้าแขนรุ่น5Mสีน้ำเงิน', 'เก้าอี้ห้องประชุม', 'F2380017', '2019-12-15 16:41:35', '8', '6', '100', 'img/image_item/8755631475894607_87023.png', '9'),
(18, 'Sofa (1F-04)', 'Sofa', 'F2380029', '2020-01-06 08:29:34', 'F2', '6', '4', 'img/image_item/421728kartell_largo-3-sitzer-sofa-301x96x69cm_2000x2000-id1750228-c7fff49fcae6ae1042634d75ce8c7947.jpg', '9'),
(19, 'รถเข็นน้ำแข็ง', 'รถเข็นน้ำแข็งแบบพลาสติก 110ลิตร', 'T0380450', '2019-12-15 16:46:28', '3', '3', '3', 'img/image_item/96555201903-16-103320_w4-0.jpg', '9'),
(20, 'รถเก็บจาน ', 'รถเก็บจาน JUSTABLE DISH CADDY FOR 240 PLATE ', 'T0380453', '2019-12-15 16:47:45', '3', '3', '4', 'img/image_item/6195111188641.jpg', '9'),
(22, 'Philips#GC-514', 'เครื่องรีดไอน้ำ', 'T0380048', '2019-12-15 16:51:25', '3', '3', '4', 'img/image_item/442350pwb000233990.jpg', '9'),
(23, 'คูลเลอร์ Chef 40cm.', 'คูลเลอร์ ', 'T0380039', '2019-12-15 16:52:13', '3', '3', '10', 'img/image_item/895296zebra-cooler-40-cm-chef-8141-5185131-b6aef3918c1ed2c7a3dc912b2d02e2e1-catalog_233.jpg', '9'),
(24, 'Chafing Dish', 'อุปกรณ์ครัว', 'T0380003', '2019-12-15 16:53:59', '3', '3', '12', 'img/image_item/345840o3.jpg', '9'),
(25, 'ตะเกียบสีดำ', 'ตะเกียบสีดำ ขนาด 10.5 นิ้ว', '700013', '2020-01-08 11:27:14', '78', '18', '276', 'img/image_item/423642img_3808.jpg', '11'),
(26, 'ช้อนครีมขาว', 'ช้อนซุปสีครีมขาว', '780039', '2019-12-25 13:38:32', '38', '18', '210', 'img/image_item/595132img_3799.jpg', '11'),
(27, 'ถ้วยน้ำจิ้ม', 'ถ้วยสำหรับใส่น้ำจิ้ม สีขาว ขนาด 3.5 นิ้ว', '780043', '2019-12-25 13:41:35', '78', '18', '233', 'img/image_item/628485img_3803.jpg', '11'),
(28, 'ถ้วยน้ำซุป', 'ถ้วยสำหรับใส่น้ำซุป สีครีม ขนาด 4 นิ้ว', '780042', '2019-12-25 13:41:11', '38', '18', '278', 'img/image_item/702233img_3809.jpg', '11'),
(29, 'ถ้วยน้ำจิ้ม', 'ถ้วยสำหรับใส่น้ำจิ้ม สีขาว ขนาด 3.5 นิ้ว', '780043', '2019-12-25 13:42:50', '38', '18', '233', 'img/image_item/122887img_3803.jpg', '11'),
(30, 'จานรอง', 'จานรองทรงตื้นสีขาว ขนาด 7 นิ้ว', '780038', '2019-12-25 13:44:51', '38', '18', '287', 'img/image_item/555560img_3800.jpg', '11'),
(31, 'จานใหญ่', 'จานทรงตื้น สีขาว ขนาด 10.5 นิ้ว', '740139', '2019-12-25 13:53:20', '78', '18', '778', 'img/image_item/307212img_3802.jpg', '11'),
(33, 'ช้อน ', 'ช้อนส้อม สแตนเลส ', '740168', '2019-12-25 13:52:18', '37', '18', '463', 'img/image_item/548121img_3797.jpg', '11'),
(34, 'ส้อม', 'ส้อมสแตนเลส', '740168', '2019-12-25 13:52:48', '37', '18', '538', 'img/image_item/916435img_3798.jpg', '11'),
(36, 'จานใหญ่', 'จานทรงตื้น สีขาว ขนาด 10.5 นิ้ว', '740139', '2019-12-25 13:55:41', '37', '18', '780', 'img/image_item/962197img_3802.jpg', '11'),
(37, 'ถ้วยใหญ่', 'ถ้วยใส่แกง สีขาว ขนาด 7.5 นิ้ว', '740140', '2019-12-25 13:57:19', '37', '18', '431', 'img/image_item/627357img_3801.jpg', '11'),
(38, 'เก้าอี้เอนกประสงค์สีน้ำตาล', 'เก้าอี้เอนกประสงค์ชนิดหุ้มเบาะรองนั่งรุ่น APW014', 'F2380040', '2020-01-06 09:12:52', 'F2', '6', '4498', 'img/image_item/1.jpg', '9'),
(39, 'Siminar Table', 'โต๊ะประชุมสัมมนา', 'F1380036', '2020-01-06 12:25:56', '7', '6', '136', 'img/image_item/504158อุปกรณ๜ยืม-คืน_200106_0016-removebg-preview.png', '9'),
(40, 'cocktail table white formica top size:760W750H', 'โต๊ะคอกเทลกลม', 'F1380042', '2020-01-06 14:04:54', 'F1', '6', '25', 'img/image_item/534005อุปกรณ๜ยืม-คืน_200106_0003-removebg-preview.png', '9'),
(41, 'Square Table', 'โต๊ะคอกเทลสี่เหลี่ยม', 'F1380041', '2020-01-06 13:54:33', '7', '6', '75', 'img/image_item/236360อุปกรณ๜ยืม-คืน_200106_0015-removebg-preview.png', '9'),
(42, 'Stacking Chair', 'เก้าอี้สีเหลือง', 'F2380032', '2020-01-06 13:56:59', '8', '6', '521', 'img/image_item/401508อุปกรณ๜ยืม-คืน_200106_0012-removebg-preview.png', '9'),
(43, 'Coffee Table', 'โต๊ะโซฟา หน้าไม้', 'F1380034', '2020-01-06 14:13:11', '7', '6', '5', 'img/image_item/432239อุปกรณ๜ยืม-คืน_200106_0018-removebg-preview.png', '9'),
(44, 'บันไดเวที 3 ขั้น', 'บันไดเวที 3 ขั้น', 'F1380038', '2020-01-06 14:14:56', '3', '3', '4', 'img/image_item/39230อุปกรณ๜ยืม-คืน_200106_0017-removebg-preview.png', '9'),
(45, 'เก้าอี้เอนกประสงค์ชนิดหุ้มเบาะรองนั่ง', 'เก้าอี้เอนกประสงค์ชนิดหุ้มเบาะรองนั่ง รุ่น APW014', 'F2380039', '2020-01-06 14:19:19', '8', '6', '4498', 'img/image_item/704611รูปภาพของห้อง_oe_200106_0001-removebg-preview.png', '9'),
(46, 'เครื่องต้มกาแฟ', 'เครื่องต้มกาแฟ', 'F9380100', '2020-01-06 14:53:42', 'T0', '3', '2', 'img/image_item/915460อุปกรณ๜ยืม-คืน_200106_0008-removebg-preview.png', '9'),
(47, 'เครื่องทำกาแฟ', 'เครื่องทำกาแฟ SAECO รุ่น Lirikal Black', 'F9380112', '2020-01-07 08:44:29', 'T0', '3', '4', 'img/image_item/178495อุปกรณ๜ยืม-คืน_200106_0007-removebg-preview.png', '9'),
(48, 'ตู้น้ำสองหัวร้อนเย็น', 'ตู้กดน้ำสองหัวร้อนเย็นIF-101/302', 'F9380179', '2020-01-07 08:50:14', 'T0', '3', '3', 'img/image_item/822718อุปกรณ๜ยืม-คืน_200106_0020-removebg-preview.png', '9'),
(49, 'ขาตั้งโปสเตอร์สแตนเลส', 'ขาตั้งโปสเตอร์สแตนเลส T138013 ขาตั้งขนาด 163*30', 'F9380193', '2020-01-06 14:59:05', '3', '3', '12', 'img/image_item/518487อุปกรณ๜ยืม-คืน_200106_0001.jpg', '9'),
(50, 'โพเดียมไม้', 'โพเดียมไม้ ขนาด115*180', 'T0380114', '2020-01-07 08:46:43', 'T0', '3', '7', 'img/image_item/888875อุปกรณ๜ยืม-คืน_200106_0005-removebg-preview.png', '9'),
(51, 'รถเข็นเก็บกระจกแบบเหล็กกล่องใส่กระจก', 'รถเข็นเก็บกระจกแบบเหล็กกล่องใส่กระจก 90 cm หนา 8 mm ได้ 35 แผ่น', 'T0380233', '2020-01-07 08:48:10', 'T0', '3', '3', 'img/image_item/462970อุปกรณ๜ยืม-คืน_200106_0019-removebg-preview.png', '9'),
(52, 'บันได้เวที 5 ขั้น', 'บันไดเวที 5 ขั้น', 'F9380038', '2020-01-06 15:52:12', '3', '3', '4', 'img/image_item/removebg-preview.jpg', '9'),
(53, 'เวที 80 เซนติเมตร', 'เวที 80 เซนติเมตร ', 'F9380036', '2020-01-06 15:53:55', '3', '3', '25', 'img/image_item/524859อุปกรณ๜ยืม-คืน_200106_0023-removebg-preview.png', '9'),
(54, 'เวที 1 เมตร', 'เวที 1 เมตร', 'F9380037', '2020-01-06 15:54:34', '3', '3', '25', 'img/image_item/458214อุปกรณ๜ยืม-คืน_200106_0021-removebg-preview.png', '9'),
(55, 'ตู้น้ำ1หัวน้ำเย็น', 'ตู้น้ำ1หัวน้ำเย็น Sharp sb-c9', 'F9380173', '2020-01-07 08:49:48', 'T0', '3', '6', 'img/image_item/425746อุปกรณ๜ยืม-คืน_200106_0026-removebg-preview.png', '9'),
(56, 'Multi propose table size: 1825W455D745H', 'โต๊ะสี่เหลี่ยมหน้าขาว 45 ', 'F1380039', '2020-01-06 15:59:25', '7', '6', '847', 'img/image_item/533335อุปกรณ๜ยืม-คืน_200106_0025-removebg-preview.png', '9'),
(57, 'Multi propose table size: 1823W753D745H', 'โต๊ะสี่เหลี่ยมหน้าขาว 75', 'F1380040', '2020-01-06 16:01:07', '7', '6', '113', 'img/image_item/60815อุปกรณ๜ยืม-คืน_200106_0028-removebg-preview.png', '9'),
(58, 'Round table size: 1803W743H', 'โต๊ะหน้าขาวกลม', 'F1380043', '2020-01-06 16:03:05', '7', '6', '200', 'img/image_item/497421อุปกรณ๜ยืม-คืน_200106_0027-removebg-preview.png', '9'),
(59, 'ถังกาแฟFETCO (หม้อเอิน)', 'ถังกาแฟFETCO รุ่น CBS-61H LUXUS Disp Model TPD3.0', 'F9380102', '2020-01-07 08:57:16', '3', '3', '10', 'img/image_item/497268อุปกรณ๜ยืม-คืน_200106_0010-removebg-preview.png', '9'),
(60, 'เครื่องต้มกาแฟแบบฟิลเตอร์ FETCO ', 'เครื่องต้มกาแฟแบบฟิลเตอร์ FETCO รุ่น CBS-61H', 'F9380100', '2020-01-07 09:29:48', 'T0', '3', '2', 'img/image_item/56212อุปกรณ๜ยืม-คืน_200106_0008-removebg-preview.png', '9'),
(61, 'โพเดียมอะคริลิค ', 'โพเดียมอะคริลิค ขนาด 45*50*155 CM', 'F9380289', '2020-01-07 09:33:36', '3', '3', '4', 'img/image_item/979025อุปกรณ๜ยืม-คืน_200107_0033-removebg-preview.png', '9'),
(62, 'ถังต้มน้ำไฟฟ้า', 'ถังต้มน้ำไฟฟ้า 20 ลิตร ', 'T0380033', '2020-01-07 09:39:25', '3', '3', '4', 'img/image_item/838327รูปภาพของห้อง_oe_200106_0051-removebg-preview.png', '9'),
(63, 'โต๊ะหมู่บูชา ', 'โต๊ะหมู่บูชา 7*8 ไม้สักแกะสลักลายแต้มทอง', 'F9386256', '2020-01-07 09:45:48', '23', '6', '1', 'img/image_item/151423อุปกรณ๜ยืม-คืน_200107_0036-removebg-preview.png', '9'),
(64, 'โต๊ะกราบ ', 'โต๊ะกราบ 8 ร่องสีร่องชาด มีรองเข่า ', 'F9380258', '2020-01-07 09:50:04', '23', '6', '2', 'img/image_item/221909อุปกรณ๜ยืม-คืน_200107_0037-removebg-preview.png', '9'),
(65, 'พัดลมไอเย็น HATARI', 'พัดลมไอเย็น HATARI', 'F9380304', '2020-01-07 09:51:48', '3', '3', '1', 'img/image_item/12188อุปกรณ๜ยืม-คืน_200107_0040-removebg-preview.png', '9'),
(66, 'ตู้เย็น PANASONIC ', 'ตู้เย็นPANASONIC 6.4Q', 'T30380042', '2020-01-07 09:54:37', '3', '3', '6', 'img/image_item/446081อุปกรณ๜ยืม-คืน_200107_0041-removebg-preview.png', '9'),
(67, 'รถเข็นน้ำแข็ง', 'รถเข็นน้ำแข็งสแตนเลส', 'T0380196', '2020-01-07 09:56:35', '3', '3', '2', 'img/image_item/980611อุปกรณ๜ยืม-คืน_200107_0038-removebg-preview.png', '9'),
(68, 'ICE MAKER', 'เครื่องทำน้ำแข็ง ICE MAKER', 'ํT0380231', '2020-01-07 10:03:34', '3', '3', '2', 'img/image_item/805005อุปกรณ๜ยืม-คืน_200106_0011-removebg-preview.png', '9'),
(69, 'red loub', 'เสากั้นทางเดินสแตรเลส พร้อมสายไนลอนสีแดง แบบดึงกลับอัตโนมัต', '441016', '2020-01-07 10:06:41', '3', '3', '100', 'img/image_item/698940อุปกรณ๜ยืม-คืน_200107_0034-removebg-preview.png', '9'),
(70, 'ถังแช่ไวน์', 'ถังแช่ไวน์ทรงทิวลิป', '730010', '2020-01-07 10:10:08', '115', '44', '2', 'img/image_item/538944รูปภาพของห้อง_oe_200106_0033-removebg-preview.png', '9'),
(71, 'ป้ายเสียบการ์ด', 'ป้ายเสียบการ์ด 8 นิ้ว', '310349', '2020-01-07 10:11:06', '3', '3', '198', 'img/image_item/950307อุปกรณ๜ยืม-คืน_200107_0032-removebg-preview.png', '9'),
(72, 'ถังน้ำแข็งพลาสติก', 'ถุงน้ำแข็งพลาสติก', '390301', '2020-01-07 10:12:07', '115', '44', '143', 'img/image_item/673758รูปภาพของห้อง_oe_200106_0058-removebg-preview.png', '9'),
(73, 'กระดานไวท์บอร์ด', 'กระดานไวท์บอร์ดมีขาตั้ง', '451043', '2020-01-07 10:13:01', '3', '3', '9', 'img/image_item/493732อุปกรณ๜ยืม-คืน_200107_0035-removebg-preview.png', '9'),
(74, 'ถาดเสริ์ฟกันลื่นเหลี่ยม 23\"', 'ถาดเสิ์ฟกันลื่นเหลี่ยม 23\"', '730012', '2020-01-07 10:14:10', '117', '44', '6', 'img/image_item/857168รูปภาพของห้อง_oe_200106_0042-removebg-preview.png', '9'),
(75, 'ถาดเสริ์ฟกันลื่นกลม 14\"', 'ถาดเสริ์ฟกันลื่นกลม 14\"', '730013', '2020-01-07 10:15:01', '117', '44', '6', 'img/image_item/859028รูปภาพของห้อง_oe_200106_0046-removebg-preview.png', '9'),
(76, 'ถาดเสรื์ฟกันลื่นทรงกลม ', 'ถาดเสรื์ฟกันลื่นทรงกลม CAMBRO 14 นิ้ว สีน้ำตาลเข้ม', '730016', '2020-01-07 10:16:19', '117', '44', '30', 'img/image_item/870735รูปภาพของห้อง_oe_200106_0046-removebg-preview.png', '9'),
(77, 'ถาดเสริ์ฟกันลื่นทรงเหลี่ยม', 'ถาดเสริ์ฟกันลื่นทรงเหลี่่ยม CAMBRO 18*ย26 นิ้ว สีน้ำตาลเข้ม', '730017', '2020-01-07 10:18:26', '117', '44', '30', 'img/image_item/523213รูปภาพของห้อง_oe_200106_0042-removebg-preview.png', '9'),
(78, 'กาน้ำชา', 'กาน้ำชา ทรงจีน สีแดง สูง15 cm ปากกาน้ำกว้าง 9 cm', '780113', '2020-01-07 10:20:37', '114', '44', '2', 'img/image_item/246146อุปกรณ๜ยืม-คืน_200107_0029-removebg-preview.png', '9'),
(79, 'ถ้วยน้ำชา', 'ถ้วยน้ำชาทรงจีนสีแดง สูง5 cm ปากถ้วยกว้าง4 cm', '780114', '2020-01-07 10:22:02', '114', '44', '28', 'img/image_item/339955อุปกรณ๜ยืม-คืน_200107_0030-removebg-preview.png', '9'),
(80, 'ถาดรองชุดน้ำชา', 'ถาดรองชุดน้ำชา ทรงจีน สีแดง แบบกลม 22.5 cm', '780115', '2020-01-07 10:23:09', '114', '44', '2', 'img/image_item/391692อุปกรณ๜ยืม-คืน_200107_0031-removebg-preview.png', '9'),
(81, 'โน๊ตบุ๊ค (Laptop)', 'Dell latitude 3490 ', 'F8380118', '2020-02-24 23:52:28', '1', '1', '20', 'img/image_item/14624081443891_599046597596142_2669520958435360768_n.jpg', '1'),
(82, 'Chopstick Melamine 10.5\" : Black (ดำด้าน)', 'Chopstick Melamine 10.5\" : Black (ดำด้าน)', '700013', '2020-01-07 15:41:42', '93', '36', '2932', 'img/image_item/371204700013.jpg', '2'),
(83, 'ROUND FLAT RIM PLATTER DIA 30.5 CM.', 'ROUND FLAT RIM PLATTER DIA 30.5 CM.', '700014', '2020-01-07 15:50:45', '93', '36', '1492', 'img/image_item/106149700014.jpg', '2'),
(84, 'ROUND FLAT RIM PLATEER DIA 25.5 CM.', 'ROUND FLAT RIM PLATEER DIA 25.5 CM.', '700015', '2020-01-07 16:07:32', '93', '36', '298', 'img/image_item/540438700015.jpg', '2'),
(85, 'ROUND FLAT RIM PLATEER DIA 15.5 CM.', 'ROUND FLAT RIM PLATEER DIA 15.5 CM.', '100017', '2020-01-07 16:12:21', '93', '36', '1270', 'img/image_item/543761700017.jpg', '2'),
(86, 'SUACER COFFEE SAUCER 15.5 CM.', 'SUACER COFFEE SAUCER 15.5 CM.', '700018', '2020-01-07 16:14:43', '93', '36', '569', 'img/image_item/798084700018.jpg', '2'),
(87, 'SAUCER SOUP SAUCER', 'SAUCER SOUP SAUCER', '700020', '2020-01-07 16:16:03', '93', '36', '2384', 'img/image_item/965703700020.jpg', '2'),
(88, 'SOUP CUP 2 HANDLES', 'SOUP CUP 2 HANDLES', '700021', '2020-01-07 16:17:16', '93', '36', '2179', 'img/image_item/584340700021.jpg', '2'),
(89, 'SAUCE DISH 9 CM.', 'SAUCE DISH 9 CM.', '700022', '2020-01-07 16:18:35', '93', '36', '1795', 'img/image_item/516079700022.jpg', '2'),
(90, 'ROUND COUP PLATE DIA 18 CM.', 'ROUND COUP PLATE DIA 18 CM.', '700023', '2020-01-07 16:19:53', '93', '36', '638', 'img/image_item/455806700023.jpg', '2'),
(91, 'ROUND BOWL DIA.25.5 CM.', 'ROUND BOWL DIA.25.5 CM.', '700024', '2020-01-07 16:21:12', '93', '36', '30', 'img/image_item/804090700024.jpg', '2'),
(92, 'SUGAR BOWL', 'SUGAR BOWL', '700026', '2020-01-07 16:22:07', '93', '36', '58', 'img/image_item/536932700026.jpg', '2'),
(93, 'CREAMER 180 CC', 'CREAMER 180 CC', '700027', '2020-01-07 16:23:16', '93', '36', '78', 'img/image_item/410624700027.jpg', '2'),
(94, 'SALT SHAKER', 'SALT SHAKER', '700028', '2020-01-07 16:24:57', '93', '36', '60', 'img/image_item/967196700028.jpg', '2'),
(95, 'BUTTER DISH 10 CM', 'BUTTER DISH 10 CM', '700034', '2020-01-07 16:26:28', '93', '36', '326', 'img/image_item/839181700034.jpg', '2'),
(96, 'SHARK FIN SOUP BOWL DIA.9 CM.', 'SHARK FIN SOUP BOWL DIA.9 CM.', '700035', '2020-01-07 16:27:56', '93', '36', '294', 'img/image_item/55876700035.jpg', '2'),
(97, 'CHOPSTICK HOLDER', 'CHOPSTICK HOLDER', '700036', '2020-01-07 16:29:13', '93', '36', '2402', 'img/image_item/656807700036.jpg', '2'),
(98, 'ROUND BOWL DIA.30.5 CM.', 'ROUND BOWL DIA.30.5 CM.', '700039', '2020-01-07 16:30:21', '93', '36', '90', 'img/image_item/197702700039.jpg', '2'),
(99, 'ROUND BOWL DIA.35.5 CM.', 'ROUND BOWL DIA.35.5 CM.', '700040', '2020-01-07 16:31:29', '93', '36', '28', 'img/image_item/110905700040.jpg', '2'),
(100, 'SOUP TUREEN', 'SOUP TUREEN', '710020', '2020-01-07 16:32:48', '93', '36', '38', 'img/image_item/158282710020.jpg', '2'),
(101, 'San Marino Hi Ball 290 ml.  รหัส 1B00410 TD.62 mm. MD.62 mm. H.141 mm.', 'San Marino Hi Ball 290 ml.  รหัส 1B00410 TD.62 mm. MD.62 mm. H.141 mm.', '710038', '2020-01-07 16:34:33', '94', '36', '3844', 'img/image_item/526749710038.jpg', '2'),
(102, 'New York Long Drink 340 ml.', 'New York Long Drink 340 ml.', '710039', '2020-01-07 16:35:35', '94', '36', '215', 'img/image_item/377393710039.jpg', '2'),
(103, 'Fin Line 175 ml.', 'Fin Line 175 ml.', '710041', '2020-01-07 16:36:39', '94', '36', '867', 'img/image_item/166179710041.jpg', '2'),
(104, 'แก้ว Rock 245 ml.', 'แก้ว Rock 245 ml.', '710042', '2020-01-07 16:38:14', '94', '36', '228', 'img/image_item/240049710042.jpg', '2'),
(105, 'Classic Brandy 340 ml.', 'Classic Brandy 340 ml.', '710043', '2020-01-07 16:40:16', '94', '36', '240', 'img/image_item/993019710043.jpg', '2'),
(106, 'Classic Goblet 350 ml.', 'Classic Goblet 350 ml.', '710044', '2020-01-07 16:41:19', '94', '36', '2100', 'img/image_item/788633710044.jpg', '2'),
(107, 'Classic White Win 195 ml.', 'Classic White Win 195 ml.', '710047', '2020-01-07 16:42:25', '94', '36', '239', 'img/image_item/518304710047.jpg', '2'),
(108, 'Table Spoon', 'Table Spoon', '720016', '2020-01-07 16:44:04', '95', '36', '43', 'img/image_item/69047720016.jpg', '2'),
(109, 'Table Fork', 'Table Fork', '720017', '2020-01-07 16:44:58', '95', '36', '136', 'img/image_item/694672720017.jpg', '2'),
(110, 'Table Knife', 'Table Knife', '720018', '2020-01-07 16:46:05', '95', '36', '1199', 'img/image_item/56151720018.jpg', '2'),
(111, 'Dessert Spoon', 'Dessert Spoon', '720019', '2020-01-07 16:47:09', '95', '36', '433', 'img/image_item/172886720019.jpg', '2'),
(112, 'Dessert Fork', 'Dessert Fork', '720020', '2020-01-07 16:48:11', '95', '36', '289', 'img/image_item/753848720020.jpg', '2'),
(113, 'Dessert Knife', 'Dessert Knife', '720021', '2020-01-07 16:49:11', '95', '36', '1798', 'img/image_item/413246720021.jpg', '2'),
(114, 'Soup Spoon', 'Soup Spoon', '720022', '2020-01-07 16:50:26', '95', '36', '1800', 'img/image_item/568974720022.jpg', '2'),
(115, 'Butter Knife', 'Butter Knife', '720024', '2020-01-07 16:51:41', '95', '36', '1798', 'img/image_item/787536720024.jpg', '2'),
(116, 'Tea Pot (Big Size) 1000 cc.', 'Tea Pot (Big Size) 1000 cc.', '720026', '2020-01-07 16:55:39', '95', '36', '33', 'img/image_item/926374720026.jpg', '2'),
(117, 'Salad Tong (L) 25.0 cm.', 'Salad Tong (L) 25.0 cm.', '720030', '2020-01-07 16:58:06', '95', '36', '3', 'img/image_item/461111720030.jpg', '2'),
(118, 'Sauce Ladle / Gravy Ladle 17.5 cm.', 'Sauce Ladle / Gravy Ladle 17.5 cm.', '720032', '2020-01-07 16:59:14', '95', '36', '36', 'img/image_item/325961720032.jpg', '2'),
(119, 'Coffee Spoon 141 mm. Stainless steel 430 thickness 2.5 mm', 'Coffee Spoon 141 mm. Stainless steel 430 thickness 2.5 mm', '720035', '2020-01-07 17:01:03', '95', '36', '2800', 'img/image_item/703117720035.jpg', '2'),
(120, 'Table Spoon 203 mm. Stainless steel 430 thickness 2.5 mm.', 'Table Spoon 203 mm. Stainless steel 430 thickness 2.5 mm.', '720036', '2020-01-07 17:02:11', '95', '36', '1800', 'img/image_item/5115720036.jpg', '2'),
(121, 'Table Fork 203 mm. Stainless steel 430 thickness 2.5 mm.', 'Table Fork 203 mm. Stainless steel 430 thickness 2.5 mm.', '7720037', '2020-01-07 17:03:31', '95', '36', '1800', 'img/image_item/161971720037.jpg', '2'),
(122, 'Classic Red Wine 230 ml.', 'Classic Red Wine 230 ml.', '740041', '2020-01-07 17:05:46', '94', '36', '456', 'img/image_item/426081740041.jpg', '2'),
(124, 'Food pan ก้นลึก 10 cm.', 'Food pan ก้นลึก 10 cm.', '740131', '2020-01-08 08:35:23', '95', '36', '38', 'img/image_item/890460740131.jpg', '2'),
(125, '09-SALAD SALAD BOWL 12\'(30cm)ชามสลัด เนื้อพอร์ซเลน', '09-SALAD SALAD BOWL 12\'(30cm)ชามสลัด เนื้อพอร์ซเลน', '740132', '2020-01-08 08:36:44', '93', '36', '60', 'img/image_item/440776740132.jpg', '2'),
(126, '09-4553-12 SALAD BOWL 14\'(30.5cm)ชามสลัด เนื้อพอร์ซเลน', '09-4553-12 SALAD BOWL 14\'(30.5cm)ชามสลัด เนื้อพอร์ซเลน', '740133', '2020-01-08 08:37:54', '93', '36', '34', 'img/image_item/31151740133.jpg', '2'),
(127, 'Food pan ก้นลึก 6.5 cm.', 'Food pan ก้นลึก 6.5 cm.', '740134', '2020-01-08 08:39:00', '95', '36', '50', 'img/image_item/595071740134.jpg', '2'),
(128, 'ช้อนเสริฟสแตนเลส ยี่ห้อ จากัวร์', 'ช้อนเสริฟสแตนเลส ยี่ห้อ จากัวร์', '740136', '2020-01-08 08:40:01', '95', '36', '281', 'img/image_item/273310740136.jpg', '2'),
(129, 'กระบวยตักซุปสแตนเลส 7.5 ซม. ด้ามตรง ตรา M-Well', 'กระบวยตักซุปสแตนเลส 7.5 ซม. ด้ามตรง ตรา M-Well', '740138', '2020-01-08 08:40:58', '95', '36', '107', 'img/image_item/267243740138.jpg', '2'),
(130, 'P 10105 จานทรงตื้น 10.5\' ครีมขาว', 'P 10105 จานทรงตื้น 10.5\' ครีมขาว', '740139', '2020-01-08 08:42:22', '93', '36', '447', 'img/image_item/99107740139.jpg', '2'),
(131, 'B 429-7.5 ชามแกง ครีมขาว', 'B 429-7.5 ชามแกง ครีมขาว', '740140', '2020-01-08 08:43:48', '93', '36', '918', 'img/image_item/50846740140.jpg', '2'),
(132, 'ช้อนเสริฟหนา 2.5 มม. ลายจุด', 'ช้อนเสริฟหนา 2.5 มม. ลายจุด', '740167', '2020-01-08 08:44:52', '95', '36', '240', 'img/image_item/304041740167.jpg', '2'),
(133, 'ช้อน-ส้อมลายขอบตั้งหนา 2 มม.(1*6)', 'ช้อน-ส้อมลายขอบตั้งหนา 2 มม.(1*6)', '740168', '2020-01-08 08:45:52', '95', '36', '50', 'img/image_item/339101740168.jpg', '2'),
(134, 'จานทรงตื้น 7 นิ้ว เมลามีน  สีครีมขาว', 'จานทรงตื้น 7 นิ้ว เมลามีน  สีครีมขาว', '780038', '2020-01-08 08:57:32', '93', '36', '2628', 'img/image_item/236207780038.jpg', '2'),
(135, 'ช้อน สีครีมขาว เมลามีน', 'ช้อน สีครีมขาว เมลามีน', '780039', '2020-01-08 08:59:00', '93', '36', '2018', 'img/image_item/940612780039.jpg', '2'),
(136, 'B 401-10 ชามโคม ครีมขาว (ไม่มีฝา)', 'B 401-10 ชามโคม ครีมขาว (ไม่มีฝา)', '780040', '2020-01-08 09:00:25', '93', '36', '111', 'img/image_item/629186780040.jpg', '2'),
(137, 'ชามแบ่ง 4 นิ้ว สีครีมขาว เมลามีน', 'ชามแบ่ง 4 นิ้ว สีครีมขาว เมลามีน', '780042', '2020-01-08 09:01:32', '93', '36', '1647', 'img/image_item/834547780042.jpg', '2'),
(138, 'D 423-3.5 ถ้วยน้ำจิ้ม ครีมขาว', 'D 423-3.5 ถ้วยน้ำจิ้ม ครีมขาว', '780043', '2020-01-08 09:02:38', '93', '36', '754', 'img/image_item/144411780043.jpg', '2'),
(139, '419-3.5 ชามแบ่ง ครีมขาว', '419-3.5 ชามแบ่ง ครีมขาว', '780044', '2020-01-08 09:04:03', '93', '36', '2378', 'img/image_item/524676780044.jpg', '2'),
(140, 'ตัวต่อแร็คแก้ว 25 ช่อง ขนาด 3.6 ซม. (JW253)', 'ตัวต่อแร็คแก้ว 25 ช่อง ขนาด 3.6 ซม. (JW253)', '780089', '2020-01-08 09:08:41', '92', '36', '78', 'img/image_item/246908780089.jpg', '2'),
(141, 'แร็คล้างแก้ว 25 ช่อง ขนาด 500*500*100 mm.(JW-25)', 'แร็คล้างแก้ว 25 ช่อง ขนาด 500*500*100 mm.(JW-25)', '780091', '2020-01-08 09:09:45', '92', '36', '34', 'img/image_item/477055780091.jpg', '2'),
(142, 'แร็คล้างแก้ว 36 ช่อง ขนาด 500*500*100 mm.(JW-36)', 'แร็คล้างแก้ว 36 ช่อง ขนาด 500*500*100 mm.(JW-36)', '780092', '2020-01-08 09:11:24', '92', '36', '141', 'img/image_item/749214780092.jpg', '2'),
(143, 'แร็คล้างจาน 64 ช่อง ขนาด 500*500*100 mm.(JW-64P)', 'แร็คล้างจาน 64 ช่อง ขนาด 500*500*100 mm.(JW-64P)', '780093', '2020-01-08 09:12:21', '92', '36', '27', 'img/image_item/368796780093.jpg', '2'),
(144, 'แร็คล้างช้อน ขนาด 500*500*100 mm.(JW-C)', 'แร็คล้างช้อน ขนาด 500*500*100 mm.(JW-C)', '780094', '2020-01-08 09:13:26', '92', '36', '45', 'img/image_item/90327780094.jpg', '2'),
(145, 'แร็คล้างแก้วกาแฟ 20 ช่อง ขนาด 500*500*100 mm.(JW-20)', 'แร็คล้างแก้วกาแฟ 20 ช่อง ขนาด 500*500*100 mm.(JW-20)', '780095', '2020-01-08 09:14:37', '92', '36', '15', 'img/image_item/709641780095.jpg', '2'),
(146, 'แร็คล้างถ้วยซุป 16 ช่อง ขนาด 500*500*100 mm.(JW-16)', 'แร็คล้างถ้วยซุป 16 ช่อง ขนาด 500*500*100 mm.(JW-16)', '780096', '2020-01-08 09:15:44', '92', '36', '12', 'img/image_item/592297780096.jpg', '2'),
(147, 'แก้วกาแฟเซรามิกสีขาว', 'แก้วกาแฟเซรามิกสีขาว', '700041', '2020-01-08 09:56:06', '93', '36', '98', 'img/image_item/949239700041.jpg', '2'),
(148, 'จานเซรามิกสีขาวขอบบาง 18 cm.', 'จานเซรามิกสีขาวขอบบาง 18 cm.', '700042', '2020-01-08 09:58:05', '93', '36', '78', 'img/image_item/26761700042.jpg', '2'),
(149, 'จานรองถ้วยกาแฟเซรามิกสีขาว', 'จานรองถ้วยกาแฟเซรามิกสีขาว', '700043', '2020-01-08 09:59:23', '93', '36', '112', 'img/image_item/229653700043.jpg', '2'),
(150, 'แก้วกาแฟใส Ocean', 'แก้วกาแฟใส Ocean', '710055', '2020-01-08 10:00:46', '94', '36', '2', 'img/image_item/9444710055.jpg', '2'),
(151, 'จานรองถ้วยกาแฟใสมีก้น Ocean 15 cm.', 'จานรองถ้วยกาแฟใสมีก้น Ocean 15 cm.', '710056', '2020-01-08 10:01:49', '94', '36', '5', 'img/image_item/95936710056.jpg', '2'),
(152, 'จานรองกาแฟใส Ocean 13.5 cm.', 'จานรองกาแฟใส Ocean 13.5 cm.', '710057', '2020-01-08 10:03:01', '94', '36', '1', 'img/image_item/646167710057.jpg', '2'),
(153, 'จานใส Ocean 15 cm.', 'จานใส Ocean 15 cm.', '710058', '2020-01-08 10:04:06', '94', '36', '2', 'img/image_item/426935710058.jpg', '2'),
(154, 'แก้ว Ocean สูง 12 cm.', 'แก้ว Ocean สูง 12 cm.', '710059', '2020-01-08 10:05:19', '94', '36', '41', 'img/image_item/759000710059.jpg', '2'),
(155, 'แก้ว Ocean ก้นกลม สูง 12.5 cm.', 'แก้ว Ocean ก้นกลม สูง 12.5 cm.', '710060', '2020-01-08 10:06:29', '94', '36', '22', 'img/image_item/910612710060.jpg', '2'),
(156, 'แก้ว Lucky สูง 12 cm.', 'แก้ว Lucky สูง 12 cm.', '710061', '2020-01-08 10:07:40', '94', '36', '23', 'img/image_item/364741710061.jpg', '2'),
(157, 'ช้อนกาแฟด้ามตัดเฉียง', 'ช้อนกาแฟด้ามตัดเฉียง', '720033', '2020-01-08 10:08:50', '95', '36', '74', 'img/image_item/517817720033.jpg', '2'),
(158, 'ส้อมผลไม้ด้ามตัดเฉียง', 'ส้อมผลไม้ด้ามตัดเฉียง', '720034', '2020-01-08 10:10:30', '95', '36', '85', 'img/image_item/565498720034.jpg', '2'),
(160, 'Fin Line 175 ml.', 'แก้วน้ำผลไม้', '710041', '2020-01-14 11:04:54', '110', '42', '130', 'img/image_item/21239711253644305932.jpg', '10'),
(161, 'Classic Goblet 350 ml.', 'แก้วน้ำดื่มมีก้าน', '710044', '2020-01-14 11:07:27', '109', '42', '67', 'img/image_item/22492711253644267935.jpg', '10'),
(162, 'Classic Red Wine 230 ml.', 'แก้วไวน์แดง', '740041', '2020-01-14 11:09:26', '109', '42', '4', 'img/image_item/84851011253644221609.jpg', '10'),
(163, 'ROUND FLAT RIM PLATEER DIA 25.5 CM.', 'จานข้าวขนาด 25.5 ซม.', '700015', '2020-01-14 11:16:09', '110', '42', '1064', 'img/image_item/86354011253644179292.jpg', '10'),
(164, 'ROUND FLAT RIM PLATEER DIA 20.5 CM.', 'จานข้าวขนาด 20.5 ซม.', '700016', '2020-01-14 11:22:54', '110', '42', '1763', 'img/image_item/92527711253644095611.jpg', '10'),
(165, 'ROUND BOWL DIA 25.5 CM.', 'โบว์ขาว เซลามิก ขนาด 25.5 ซม.', '700024', '2020-01-14 11:31:14', '110', '42', '16', 'img/image_item/91058211253644061941.jpg', '10'),
(167, 'ROUND BOWL DIA 30.5 CM.', 'โบว์ขาว เซลามิก ขนาด 30.5 ซม.', '700039', '2020-01-14 11:36:41', '110', '42', '20', 'img/image_item/46303111253643954076.jpg', '10'),
(168, 'ROUND BOWL DIA 35.5 CM.', 'โบว์ขาว เซลามิก ขนาด 35.5 ซม.', '700040', '2020-01-14 11:38:01', '110', '42', '15', 'img/image_item/86683311253643920412.jpg', '10'),
(169, 'OVAL RIM PLATE DIA 40.0 CM.', 'จานเปลขาว เซลามิก ขนาด 40.0 ซม.', '700038', '2020-01-14 11:40:51', '110', '42', '49', 'img/image_item/9785711253643888288.jpg', '10'),
(170, 'OVAL RIM PLATEER DIA 35.5 CM.', 'จานเปลขาว เซลามิก ขนาด 35.5 ซม.', '700037', '2020-01-14 11:43:13', '110', '42', '109', 'img/image_item/32416311253643827436.jpg', '10'),
(171, 'COFFEE CUP 200 CC. STACKABLE', 'แก้วกาแฟเซรามิก 200 ซีซี.', '700019', '2020-01-14 11:46:48', '110', '42', '1658', 'img/image_item/1273711253643797472.jpg', '10'),
(172, 'ชามแบ่ง 4 นิ้ว สีครีมขาว เมลามีน', 'ชามแบ่ง 4 นิ้ว สีครีมขาว เมลามีน', '780042', '2020-01-14 11:49:56', '110', '42', '1275', 'img/image_item/92920911253643740564.jpg', '10'),
(173, 'Shark fin soup bowl DIA 9 CM.', 'ถ้วยซุปมีฝา 9 ซม.', '700035', '2020-01-14 11:53:06', '110', '42', '251', 'img/image_item/26751811253643709924.jpg', '10'),
(174, 'ROUND BOWL DIA 10.0 CM.', 'ถ้วยแบ่งเซรามิก 10 ซม.', '700033', '2020-01-14 11:55:44', '110', '42', '346', 'img/image_item/61290611253643615293.jpg', '10'),
(175, 'B 401-10 ชามโคมครีมขาว(ไม่มีฝา)', 'ชามครีมขาวไม่มีฝา ใส่ขาวกับแกง', '780040', '2020-01-14 12:00:47', '110', '42', '1074', 'img/image_item/68436811253643578004.jpg', '10'),
(176, 'BL  401-10 ชามพร้อมฝาครีมขาว', 'โบว์ข้าวมีฝา', '780041', '2020-01-15 06:03:28', '110', '42', '582', 'img/image_item/90695411253643522726.jpg', '10'),
(177, 'B 429-7.5ชามแกงครีมขาว', 'ชามแกงเมลามีน', '740140', '2020-01-15 06:08:18', '109', '42', '72', 'img/image_item/67613611253643453945.jpg', '10'),
(178, 'P 10105 จานทรงตื้น 10.5\" ครีมขาว', 'จานขาว 10.5 ซม. เมลามีน', '740139', '2020-01-15 06:10:30', '109', '42', '236', 'img/image_item/41260611253643414648.jpg', '10'),
(179, 'D 423-3.5 ถ้วยน้ำจิ้ม ครีมขาว', 'ถ้วยใส่น้ำจิ้ม ครีมขาว 3.5 ซม. เมลามีน', '780043', '2020-01-15 06:14:15', '110', '42', '1328', 'img/image_item/45909911253643328550.jpg', '10'),
(180, 'BUTTER DISH 10 CM.', 'ถ้วยน้ำจิ้ม 10 ซม. เซรามิกส์', '700034', '2020-01-15 06:17:44', '110', '42', '253', 'img/image_item/82838911253643286435.jpg', '10'),
(181, 'ช้อน สีครีมขาว เมลามีน', 'ช้อน สีครีมขาว เมลามีน', '780039', '2020-01-15 06:19:59', '110', '42', '1073', 'img/image_item/48098811253643235420.jpg', '10'),
(182, 'SOUP SPOON', 'ช้อน สีครีมขาว เซรามิกส์', '700031', '2020-01-15 06:22:16', '110', '42', '416', 'img/image_item/64994811253643201001.jpg', '10'),
(183, 'Table Fork ', 'ส้อมโต๊ะ 8 ซม.', '720017', '2020-01-15 06:25:04', '110', '42', '984', 'img/image_item/74808611253643151082.jpg', '10'),
(184, 'Table Spoon', 'ช้อนโต๊ะ 8 ซม.', '720016', '2020-01-15 06:27:27', '110', '42', '1086', 'img/image_item/33974211253643109121.jpg', '10'),
(185, 'Dessert fork', 'ส้อมหวาน 7 ซม.', '720020', '2020-01-15 06:29:05', '110', '42', '840', 'img/image_item/62531411253643051300.jpg', '10'),
(186, 'Dessert Spoon', 'ช้อนหวาน 7 ซม.', '720019', '2020-01-15 06:30:31', '110', '42', '688', 'img/image_item/10307011253643005651.jpg', '10'),
(187, 'CHOPSTICK HOLDER', 'หมอนรองตะเกียบ', '700036', '2020-01-15 06:47:48', '110', '42', '383', 'img/image_item/70137911253642955949.jpg', '10'),
(188, 'Serving Spoon 24.0 cm.', 'ช้อนเสิร์ฟ 24.0 ซม.', '720027', '2020-01-15 06:51:04', '110', '42', '32', 'img/image_item/18059911253642922511.jpg', '10'),
(189, 'Salad Spoon 24.0 cm.', 'ช้อนสลัด 24.0 ซม.', '720029', '2020-01-15 06:54:38', '110', '42', '35', 'img/image_item/80098111253642878207.jpg', '10'),
(190, 'Serving Fork 25.0 cm.', 'ส้อมเสิร์ฟ 25.0 ซม.', '720028', '2020-01-15 06:58:43', '110', '42', '34', 'img/image_item/27706011253642788083.jpg', '10'),
(191, 'Salad Tong (L) 25.0 cm.', 'ที่คีบสลัด 25.0 ซม.', '720030', '2020-01-15 07:01:13', '110', '42', '29', 'img/image_item/66223411253642734471.jpg', '10'),
(192, 'Coffee & Tea Spoon', 'ช้อนกาแฟ 5.5 ซม.', '720023', '2020-01-15 07:04:51', '110', '42', '1403', 'img/image_item/38867311253642545710.jpg', '10'),
(193, 'ช้อนเสิร์ฟสแตนเลส ยี่ห้อ จากัวร์', 'ช้อนเสิร์ฟสแตนเลส ยี่ห้อ จากัวร์ 8 ซม.', '740136', '2020-01-15 07:07:11', '109', '42', '696', 'img/image_item/48845811253642500697.jpg', '10'),
(194, 'กระบวยตักซุปสแตนเลส 7.5 ซม. ด้ามตรง ตรา M-Well', 'กระบวยตักซุปสแตนเลส 7.5 ซม.', '740138', '2020-01-15 07:10:03', '109', '42', '590', 'img/image_item/85982111253642453688.jpg', '10'),
(195, 'Food pan ก้นลึก 10 cm.', 'ฮอทดิสใส่อาหาร ก้นลึก 10 ซม.', '740131', '2020-01-15 07:13:11', '109', '42', '112', 'img/image_item/17645311253642348891.jpg', '10'),
(196, 'Food pan 1/1*6.5 cm.', 'ฮอทดิสใส่อาหาร ก้นตื้น 6.5 ซม.', '720015', '2020-01-15 07:15:17', '110', '42', '101', 'img/image_item/25849311253642301293.jpg', '10'),
(197, 'แก้วน้ำ San Marino Hi Ball 290 ml. รหัส 1B00410 TD. 62 mm. MD.62 ', 'แก้วน้ำดื่ม ไฮบอล', '710038', '2020-01-15 07:21:05', '110', '42', '1026', 'img/image_item/25364611253642108627.jpg', '10'),
(198, 'SOUP CUP 2 HANDLES', 'ถ้วยซุป 2 หู', '700021', '2020-01-15 07:23:37', '110', '42', '176', 'img/image_item/83354111253642056087.jpg', '10'),
(199, 'SUACER COFFEE SAUCER 15.5 CM.', 'จานรองแก้วกาแฟ 15.5 ซม.', '700018', '2020-01-15 07:26:24', '110', '42', '1195', 'img/image_item/2798111253642025009.jpg', '10'),
(200, 'ROUND FLAT RIM PLATTER DIA 30.5 CM.', 'จานข้าวเซรามิกส์ ขนาด 30.5 ซม.', '700014', '2020-01-15 07:28:48', '110', '42', '292', 'img/image_item/61787511253641981634.jpg', '10'),
(202, 'ROUND FLAT RIM PLATEER DIA 15.5 CM.', 'จานขนาด 15.5 ซม. เซรามิกส์', '700017', '2020-01-15 07:34:52', '110', '42', '494', 'img/image_item/77741411253641942417.jpg', '10'),
(203, 'สว่าน แบตเตอร์รี่', 'BOSCH GSR 12-2LI PROMO', 'T0380473', '2020-01-16 16:25:28', '59', '24', '2', 'img/image_item/44657img_0573.jpg', '7'),
(204, 'สว่านโรตารี่ BOSCH GBH 2-24 DFR', 'BOSCH GBH 2-24 DFR', 'T0380467', '2020-01-16 16:26:30', '59', '24', '2', 'img/image_item/765402img_0574.jpg', '7'),
(205, 'เครื่องเป่าลม BOSCH GBL 800E', 'BOSCH GBL 800E', 'T0380477', '2020-01-16 16:27:20', '59', '24', '1', 'img/image_item/639704img_0577.jpg', '7'),
(206, 'สายไฟ 10 เมตร VCT ', 'หัว power หรือ หัวเสียบเต้ารับ แจ้งช่างก่อนรับสายไฟ', 'V1111111', '2020-01-16 16:33:42', '55', '22', '5', '', '7'),
(207, 'สายไฟ 20 เมตร VCT ', 'หัว power หรือ หัวเสียบเต้ารับ แจ้งช่างก่อนรับสายไฟ', 'v2222222', '2020-01-16 16:34:21', '55', '22', '5', 'img/image_item/775737img_0585.jpg', '7'),
(208, 'ไขควงชุด Pbswiss tools', 'ไขควงชุด Pbswiss tools', '511072', '2020-01-16 16:44:54', '54', '21', '2', 'img/image_item/200538img_0587.jpg', '7'),
(209, 'ตะไบแบนหยาบ king eagle  12 นิ้ว', 'ตะไบแบนหยาบ king eagle  12 นิ้ว', '310393', '2020-01-16 16:45:59', '54', '21', '1', 'img/image_item/508000img_0581.jpg', '7'),
(210, 'ฆ้อนหงอนด้ามไม้ STANLEY', 'ฆ้อนหงอนด้ามไม้ STANLEY', '511040', '2020-01-16 16:47:51', '54', '21', '4', 'img/image_item/345778img_0584.jpg', '7'),
(211, 'โครงเลื่อย ECLIPSE พร้อมใบเลื่อย', 'โครงเลื่อย ECLIPSE', '511023', '2020-01-16 17:23:25', '54', '21', '1', 'img/image_item/906344img_0582.jpg', '7'),
(212, 'ถ้วยน้ำจิ้มปีก 4 นิ้ว', 'ถ้วยเล็ก ใส่อาหารประเภท ค๊อกเทล', '780068', '2020-01-31 14:05:56', '110', '42', '12', 'img/image_item/32209011253641881020.jpg', '10'),
(213, 'ถ้วยน้ำจิ้มรูป 3 เหลี่ยม #785', 'ถ้วยขนาดเล็ก ใส่อาหารประเภท ค๊อกเทล', '780073', '2020-01-31 14:08:22', '110', '42', '6', 'img/image_item/23715311253641836007.jpg', '10'),
(214, 'จานสี่เหลี่ยมกระจก 10*15 นิ้ว', 'ไว้สำหรับใส่อาหาร', '780060', '2020-01-31 14:11:24', '110', '42', '4', 'img/image_item/63912511253641788322.jpg', '10'),
(215, 'จานสี่เหลี่ยมกระจก 12*12 นิ้ว', 'ไว้สำหรับใส่อาหาร', '780061', '2020-01-31 14:39:46', '110', '42', '4', 'img/image_item/85540011253641727598.jpg', '10'),
(216, 'จานสี่เหลี่ยมมีหลุมน้ำจิ้ม10*12 นิ้ว', 'ไว้สำหรับใส่อาหาร พร้อมช่องใส่น้ำจิ้ม/ซอส', '780062', '2020-01-31 14:36:40', '110', '42', '4', 'img/image_item/40342911253641677721.jpg', '10'),
(217, 'จานวงรีมีหลุมน้ำจิ้ม 12 นิ้ว', 'ไว้สำหรับใส่อาหาร พร้อมช่องใส่น้ำจิ้ม/ซอส', '780063', '2020-01-31 14:34:37', '110', '42', '4', 'img/image_item/3639511253641641607.jpg', '10'),
(218, 'จานเปลขนนก 13*7 นิ้ว', 'ไว้สำหรับใส่อาหาร', '780064', '2020-01-31 14:42:05', '110', '42', '4', 'img/image_item/33458911253641594356.jpg', '10'),
(219, 'จานรูปหัวใจ 8 นิ้ว', 'ไว้สำหรับใส่อาหาร', '780065', '2020-01-31 14:43:19', '110', '42', '6', 'img/image_item/77509711253641531689.jpg', '10'),
(220, 'ถ้วยซอสมีก้าน / ถ้วยซอสเกรวี่/ถ้วยซอสโบส', 'ไว้สำหรับใส่ซอส/น้ำสลัด', '780066', '2020-01-31 14:47:36', '110', '42', '12', 'img/image_item/47891511253641239389.jpg', '10'),
(221, 'ถ้วยน้ำจิ้มเม็ดมะม่วงตื้น', 'ไว้สำหรับใส่อาหาร', '780067', '2020-01-31 14:53:17', '110', '42', '12', 'img/image_item/2886511253641443867.jpg', '10'),
(222, 'ถ้วยน้ำจิ้มกลม 2 ช่อง', 'ไว้สำหรับใส่อาหาร', '780069', '2020-01-31 14:54:23', '110', '42', '10', 'img/image_item/38644811253641407891.jpg', '10'),
(223, 'ถ้วยน้ำจิ้มรูปช้อน#110', 'ไว้สำหรับใส่อาหาร', '780072', '2020-01-31 14:56:04', '110', '42', '6', 'img/image_item/8505211253641356510.jpg', '10'),
(224, 'ถ้วยแก้ว#094/1', 'ไว้สำหรับใส่ซอส/น้ำจิ้ม/อาหาร', '780074', '2020-01-31 14:57:49', '110', '42', '8', 'img/image_item/76098211253641328530.jpg', '10'),
(225, 'จานสี่เหลี่ยมใบไม้ลึก 12 นิ้ว', 'ไว้สำหรับใส่อาหาร', '780077', '2020-01-31 14:59:55', '110', '42', '3', 'img/image_item/79784111253641284036.jpg', '10'),
(226, 'เตาเซรามิค 6.5\"', 'ไว้สำหรับใส่อาหาร', '780081', '2020-01-31 15:02:05', '110', '42', '6', 'img/image_item/682311253641198184.jpg', '10'),
(227, 'พานแก้ว#S762', 'ไว้สำหรับใส่อาหาร', '780082', '2020-01-31 15:03:26', '110', '42', '11', 'img/image_item/2670011253641161173.jpg', '10'),
(228, 'จานสี่เหลี่ยมกระจก 10*31 นิ้ว', 'ไว้สำหรับใส่อาหาร', '780083', '2020-01-31 15:10:23', '110', '42', '3', 'img/image_item/12508211253641095148.jpg', '10'),
(229, 'จานเปลข้าวหลามตัด 16*13', 'ไว้สำหรับใส่อาหาร', '780078', '2020-01-31 15:25:56', '110', '42', '7', 'img/image_item/7243111349941490774.jpg', '10'),
(230, 'จานเปลดาบหัวตัด 18*7.5 นิ้ว', 'ไว้สำหรับใส่อาหาร', '780075', '2020-01-31 15:29:10', '110', '42', '3', 'img/image_item/27446911349943187060.jpg', '10'),
(231, 'จานเปลดาบ18*7.5นิ้ว', 'ไว้สำหรับใส่อาหาร', '780076', '2020-01-31 15:32:12', '110', '42', '3', 'img/image_item/93622211349942445103.jpg', '10'),
(232, 'จานเปลรูปไข่ 14\"', 'ไว้สำหรับใส่อาหาร', '780079', '2020-01-31 15:36:20', '110', '42', '7', 'img/image_item/30913311349944011912.jpg', '10'),
(233, 'ถ้วยน้ำจิ้ม', 'ถ้วยน้ำจิ้ม คละแบบ ไว้สำหรับใส่อาหารค๊อกเทล', '780059', '2020-01-31 15:39:44', '110', '42', '91', 'img/image_item/95000211349938853496.jpg', '10');

-- --------------------------------------------------------

--
-- Table structure for table `member`
--

CREATE TABLE `member` (
  `member_id` int(5) NOT NULL,
  `mem_name` varchar(200) COLLATE utf8_bin NOT NULL,
  `email` varchar(100) COLLATE utf8_bin NOT NULL,
  `department` varchar(255) COLLATE utf8_bin NOT NULL,
  `password` varchar(50) COLLATE utf8_bin NOT NULL,
  `mem_type_id` varchar(255) COLLATE utf8_bin NOT NULL
) ENGINE=InnoDB DEFAULT CHARSET=utf8 COLLATE=utf8_bin;

--
-- Dumping data for table `member`
--

INSERT INTO `member` (`member_id`, `mem_name`, `email`, `department`, `password`, `mem_type_id`) VALUES
(1, 'นัฐพล  ฉัตรานุฉัตร', 'nattapon.ch@kice-center.com', '1', 'Kice1234', 'ADMIN'),
(2, 'ปรเมศวร์  ทองชมภู', 'paramet@kice-center.com', '1', 'Kice1234', 'ADMIN'),
(3, 'รัชฎาพรรณ  เอบุญมา', 'ratchadaphan@cpland.co.th', '6', 'Kice1234', 'MANAGER'),
(4, 'อัครพล  กันยะติ๊บ', 'akarapon.ka@kice-center.com', '2', 'Kice1234', 'MANAGER'),
(5, 'ณัฐชัย  โนนเขวา', 'nuttachai.no@kice-center.com', '4', 'Kice1234', 'MANAGER'),
(6, 'อาคม  บุญประมุข', 'arkom.bo@kice-center.com', '8', 'Kice1234', 'MANAGER'),
(7, 'ประสิทธิ์  คันศิลป์', 'prasit.kh@kice-center.com', '9', 'Kice1234', 'MANAGER'),
(8, 'กิติพงษ์  บุญเพ็ง', 'kitipong.bu@kice-center.com', '7', 'Kice1234', 'MANAGER'),
(10, 'ชวนิช  สิริสิงหล', 'chawanich@kice-center.com', '14', 'Kice1234', 'MANAGER'),
(11, 'ชลาลัย  คุณความสุข', 'chalalai@kice-center.com', '13', 'Kice1234', 'MANAGER'),
(12, 'อาทิตย์    เกิดศักดิ์', 'arthit.ke@kice-center.com', '2', 'Kice1234', 'MANAGER'),
(13, 'ศรายุทธ  สารสะอาด', 'sarayut.sa@kice-center.com', '15', 'Kice1234', 'MANAGER'),
(14, 'สมชาตรี  งามดี', 'somchatree@kice-center.com', '3', 'Kice1234', 'MANAGER'),
(15, 'ณัฐสุมน  คนยืน', 'natsumon.ko@kice-center.com', '3', 'Kice1234', 'MANAGER'),
(16, 'ศิริพร  ไชยชิต', 'siriporn.ch@kice-center.com', '4', 'Kice1234', 'MANAGER'),
(17, 'วิรัลพัชร  ตะภา', 'virunpat.ta@kice-center.com', '5', 'Kice1234', 'MANAGER'),
(18, 'ชรินทร์  สธีระกูล', 'charin.su@kice-center.com', '5', 'Kice1234', 'MANAGER'),
(19, 'อริศาพัชร  ชาญกว้าง', 'arisaphat@cpland.co.th', '6', 'Kice1234', 'MANAGER'),
(20, 'แวววรรณ  ธรรมเสาวภาคย์', 'waewon@cpland.co.th', '6', 'Kice1234', 'MANAGER'),
(21, 'มนัสยา  จอมเกาะ', 'manatya@cpland.co.th', '6', 'Kice1234', 'MANAGER'),
(22, 'จรรคไพริน   คลังแสง', 'chakphairin@kice-center.com', '19', 'Kice1234', 'MANAGER'),
(23, 'ชวน์พงษ์  เนตรอริยทรัพย์', 'chawapong.na@kice-center.com', '12', 'Kice1234', 'MANAGER'),
(24, 'วิชิต  โม้แหยม', 'wichit@kice-center.com', '7', 'Kice1234', 'MANAGER'),
(25, 'พิริยะศักดิ์  เจริญทรัพย์', 'piriyasak.ch@kice-center.com', '7', 'Kice1234', 'MANAGER'),
(26, 'อรุณรัตน์  ขาวผึ้ง', 'aroonrat.kh@kice-center.com', '16', 'Kice1234', 'MANAGER'),
(27, 'กิตตินันท์  ศรีเงิน', 'kittinun.sr@kice-center.com', '17', 'Kice1234', 'MANAGER'),
(28, 'ธนานันต์  พฤกษ์ไพศาล', 'thananan.ph@kice-center.com', '7', 'Kice1234', 'MANAGER'),
(29, 'อาทิตย์  แก่นกุล', 'engineer@kice-center.com', '7', 'Kice1234', 'MANAGER'),
(30, 'วัฒนา  นาเม็ง', 'banquet@kice-center.com', '9', 'Kice1234', 'MANAGER'),
(31, 'สุทธิพงษ์  กงทา', 'suthiphong.ko@kice-center.com', '10', 'Kice1234', 'MANAGER'),
(32, 'สุภัคตรา  พาแสง', 'kitchen@kice-center.com', '10', 'Kice1234', 'MANAGER'),
(33, 'ศิริพรรณ  มหาปัญญาวงศ์', 'siriphan.ma@kice-center.com', '11', 'Kice1234', 'MANAGER'),
(34, 'ศิริมินตรา  พานนนท์', 'siriminta.pa@kice-center.com', '11', 'Kice1234', 'MANAGER'),
(35, 'อิสรีย์  ชนะจิระพันธ์', 'eisaree@kice-center.com', '13', 'Kice1234', 'USER'),
(36, 'FOLKQQ', 'FOLKQQ@OUTLOOK.COM', '1', '0000', 'ADMIN');

-- --------------------------------------------------------

--
-- Table structure for table `mem_type`
--

CREATE TABLE `mem_type` (
  `mem_id` int(10) NOT NULL,
  `mem_type_department` varchar(255) COLLATE utf8_bin NOT NULL,
  `line_token` varchar(255) COLLATE utf8_bin NOT NULL
) ENGINE=InnoDB DEFAULT CHARSET=utf8 COLLATE=utf8_bin;

--
-- Dumping data for table `mem_type`
--

INSERT INTO `mem_type` (`mem_id`, `mem_type_department`, `line_token`) VALUES
(1, 'ไอที', ''),
(2, 'สโตร์', 'I2DUv7Y1FkNaGNAgvmSpaadptKqsBHx4kvw7y4ga5jW'),
(3, 'บุคคล', 'XoowBNWcKFGR1DnL9H9UQoI8dWFvvwOT1IvvDrBRNnh'),
(4, 'จัดซื้อ', 'GaNALKs8gXQhBJpxD7Z2zQb8LvaRm38AXDWKZTeAtUB'),
(5, 'ขาย', 'OfCvpITh26tAoIyj9GldfV6am4NLv7KfQMNAJkOdchF'),
(6, 'บัญชี', 'DRHVj9MkKigFtZaip0Htr8SSDhbhVUVQt5nPEGrb79g'),
(7, 'วิศวกรรม', 'RUCOgGaXa0DAVAdMqMAs8KeqNALgOjJH1hxhJK690y8'),
(8, 'หน่วยเทคนิคแสงและเสียง', '0kQFhHmfrZtOggsAH9XLZQhwzp4VBm2fNNGdU83D7wK'),
(9, 'จัดเลี้ยง', 'gUhs5NeXNgQacOTLn76zBxKeybuJoAL2W2kuJHyc9cT'),
(10, 'ครัว', 'avUWXy1dTzxf9QLoPh4EJNmAZdpJMMs2OaLB2btYF9o'),
(11, 'ศูนย์อาหาร', 'x9IM7HCvpdchr03JPQFttM6WzJWtJnvblkcHKeNxBDf'),
(12, 'กราฟฟิค', 'gs2tX1edJRqxHB5uhcZQ1k2U4ig0XZDKwquQcVlcgWW'),
(13, 'ลูกค้าสัมพันธ์', '9kZfCyJGZb9DUCD7vD2h1GKtxz7fRDORBFiZlYrRiGA'),
(14, 'ผู้จัดการ', 'Q2ty3XDNjWKqslHwvWjqZKcZYXAqftUeUhVZaZMELzs'),
(15, 'หน่วยความปลอดภัยอาชีวอนามัยฯ', 'kaRLNLXZ3aFqguH07z8eIY7XLIdTuFaRhfTMfwx1r9A'),
(16, 'หน่วยรักษาความสะอาด', 'glfA2EUJXoNjep1xi3bwvntmgxbLPS5jziPFJd2CfUZ'),
(17, 'หน่วยรักษาความปลอดภัย', 'jd0eQ5Dc88lvf5Rl5IOWNprx0WDS9TfsjMkjXgbjed4'),
(19, 'เลขานุการ', 'rVPEZTArAyG00muN98L0rBKJ9q44sStCrzuSul8HpDw');

-- --------------------------------------------------------

--
-- Table structure for table `send_history`
--

CREATE TABLE `send_history` (
  `ID` int(255) NOT NULL,
  `item_order` varchar(255) COLLATE utf8_bin NOT NULL,
  `history` varchar(255) COLLATE utf8_bin NOT NULL
) ENGINE=InnoDB DEFAULT CHARSET=utf8 COLLATE=utf8_bin;

--
-- Dumping data for table `send_history`
--

INSERT INTO `send_history` (`ID`, `item_order`, `history`) VALUES
(1, '2', '1');

--
-- Indexes for dumped tables
--

--
-- Indexes for table `borrow`
--
ALTER TABLE `borrow`
  ADD PRIMARY KEY (`item_order`),
  ADD KEY `borrow_id` (`borrow_id`);

--
-- Indexes for table `borrowcart`
--
ALTER TABLE `borrowcart`
  ADD PRIMARY KEY (`item_order`);

--
-- Indexes for table `borrow_bill`
--
ALTER TABLE `borrow_bill`
  ADD PRIMARY KEY (`borrow_id`);

--
-- Indexes for table `category`
--
ALTER TABLE `category`
  ADD PRIMARY KEY (`id`);

--
-- Indexes for table `category_type`
--
ALTER TABLE `category_type`
  ADD PRIMARY KEY (`id`);

--
-- Indexes for table `item`
--
ALTER TABLE `item`
  ADD PRIMARY KEY (`item_id`);

--
-- Indexes for table `member`
--
ALTER TABLE `member`
  ADD PRIMARY KEY (`member_id`);

--
-- Indexes for table `mem_type`
--
ALTER TABLE `mem_type`
  ADD PRIMARY KEY (`mem_id`);

--
-- Indexes for table `send_history`
--
ALTER TABLE `send_history`
  ADD PRIMARY KEY (`ID`);

--
-- AUTO_INCREMENT for dumped tables
--

--
-- AUTO_INCREMENT for table `borrow`
--
ALTER TABLE `borrow`
  MODIFY `item_order` int(11) NOT NULL AUTO_INCREMENT, AUTO_INCREMENT=6;

--
-- AUTO_INCREMENT for table `borrowcart`
--
ALTER TABLE `borrowcart`
  MODIFY `item_order` int(11) NOT NULL AUTO_INCREMENT, AUTO_INCREMENT=11;

--
-- AUTO_INCREMENT for table `borrow_bill`
--
ALTER TABLE `borrow_bill`
  MODIFY `borrow_id` int(5) NOT NULL AUTO_INCREMENT, AUTO_INCREMENT=6;

--
-- AUTO_INCREMENT for table `category`
--
ALTER TABLE `category`
  MODIFY `id` int(10) NOT NULL AUTO_INCREMENT, AUTO_INCREMENT=118;

--
-- AUTO_INCREMENT for table `category_type`
--
ALTER TABLE `category_type`
  MODIFY `id` int(10) NOT NULL AUTO_INCREMENT, AUTO_INCREMENT=45;

--
-- AUTO_INCREMENT for table `item`
--
ALTER TABLE `item`
  MODIFY `item_id` int(10) NOT NULL AUTO_INCREMENT, AUTO_INCREMENT=234;

--
-- AUTO_INCREMENT for table `member`
--
ALTER TABLE `member`
  MODIFY `member_id` int(5) NOT NULL AUTO_INCREMENT, AUTO_INCREMENT=37;

--
-- AUTO_INCREMENT for table `mem_type`
--
ALTER TABLE `mem_type`
  MODIFY `mem_id` int(10) NOT NULL AUTO_INCREMENT, AUTO_INCREMENT=20;

--
-- AUTO_INCREMENT for table `send_history`
--
ALTER TABLE `send_history`
  MODIFY `ID` int(255) NOT NULL AUTO_INCREMENT, AUTO_INCREMENT=2;
COMMIT;

/*!40101 SET CHARACTER_SET_CLIENT=@OLD_CHARACTER_SET_CLIENT */;
/*!40101 SET CHARACTER_SET_RESULTS=@OLD_CHARACTER_SET_RESULTS */;
/*!40101 SET COLLATION_CONNECTION=@OLD_COLLATION_CONNECTION */;
